title,id
Mental Note Vol. 24,3054
Your Brain On Coronavirus,3055
Mind Your Nose,3056
The 4 Purposes of Dreams,3057
Surviving a Rod Through the Head,3058
"Mentally, Young Adults Are Suffering Most From COVID",3059
How to Turn Your Popular Blog Series Into a Bestselling Book,3060
Dr Faisal Dar — Pioneer of Liver Transplantation in Pakistan,3061
Sunlight — The Natural Supplement For Our Mental Health,3062
Occam’s dice,3063
"To Quickly Build Trust, Tell Your Origin Story",3064
Four Exercises to Strengthen Your Writing,3065
Facing Three Fundamental Coronavirus Fears,3066
"For Creatives, Silence Isn’t Always Golden",3067
This 10-Minute Routine Will Increase Your Clarity And Creativity,3068
The Ted Talk That Changed My Life,3069
How to Make Your Day Job Support Your Art,3070
Exploring New York City Restaurants,3071
"A Social Worker Offered Mormon Lingo to Me When I Was in Crisis, Told Me to Think Happy Thoughts, and Hung Up on Me — While I Was Still in Crisis",3072
An Effective Five-Step Process for Writing Captivating Headlines,3073
Loss Aversion — how fear influences customer choice,3074
The FDA Banned These Chemicals — and They’re Still Everywhere,3075
Can This Toxic Question Please Just Go Away?,3076
This is sloppy and hides intent if you ever reference it more,3077
"Don’t Be a Writer, Be an Entrepreneur Who Writes",3078
What Should Systems Neuroscience Do Next? Voltage Imaging,3079
Why Writing Online Is Different,3080
Your Brand is What People Expect From You,3081
The Only Book About Writing You’ll Ever Need,3082
Brick by Brick: Build a multi-page dashboard,3083
Tech Execs Face Congress: 9 Big Takeaways,3084
How to Be Productive and Creative in Times of Panic,3085
Quora Overview,3086
The Simple Formula For Becoming A Better Writer,3087
AI creating Human-Looking Images and Tracking Artificial Intelligence Programs in 2020,3088
Evolution doesn’t give a damn what you think a brain region is called,3089
"Is It Fear You Feel, Or Anxiety?",3090
Avoid Clickbait: Headline Techniques Used by Six Reputable Media Sites,3091
"How a Single Medium Article Received 100,000 Views",3092
A Marketing Guide for Introverts,3093
How to Add Upscribe Forms to Your Medium Posts,3094
The Power of Sleep in Learning: Mind-Blowing Science,3095
AI analyzes language to predict schizophrenia,3096
Should You Stay In Your Lane as a Writer?,3097
3 Marketing Strategies That Can Work Like Magic,3098
How The Media Can Prevent Copycat Suicides,3099
Thoughts on a medical mystery,3100
All the Love you do not see,3101
Allow Yourself To Be Creative,3102
How To Rewire Your Brain To Succeed During Uncertain Times,3103
Founders’ silent struggle — The biggest needs (Part 7),3104
Walking Is Underrated: The Unappreciated Complexity and Power of Walking,3105
"House Reports Claims Anticompetitive Behavior by Apple, Amazon, Google, and Facebook",3106
The Sustainable Element-Technology Nexus that has Great Potential,3107
How To Write a Powerful Piece of Content in One Hour,3108
2 Habits That Underrate Your Voice’s Influence,3109
Food Cravings: Microscopic Puppetmasters Might Be Involved,3110
AI Diagnoses Alzheimer’s With More Than 95% Accuracy,3111
A not entirely serious future history of neuroscience,3112
The 3 Best Ways to Respond to Negative Comments on Your Articles,3113
How to Escape a Writers Slump in The Easiest Way Possible,3114
How Antibiotics Could Alter the Child’s Mind and Body Development,3115
2019: a lightly bamboozled review of the year in neuroscience,3116
Your Thoughts Are Not Original,3117
How a 77-Year-Old Theory Can Help You Write Wonderful Headlines,3118
Exploring Your Mobile App Business Idea,3119
How To Make Your Writing More Engaging,3120
How Much Sleep Do You Need?,3121
"Mind Management, Not Time Management now available for pre-order",3122
Predicting The Protein Structures Using AI,3123
NEXT 2018 — Google crossing the cloud chasm?,3124
Do Headlines Really Make a Difference?,3125
Unleash the Potential of AI in Circular Economy: Businesses Potentials,3126
How to Write Something People Will Actually Read,3127
What It’s Like to Have an ADHD Brain,3128
Four Reasons You Won’t Make It as a Professional Writer,3129
5 Tactics to Keep Writing when No One is Reading Your Work,3130
5 Reasons Why You Find It Hard To Wake Up At Early Everyday,3131
Discover ILLUMINATION Writers,3132
"Ecosystem restoration, reviving hope.",3133
Music Star Alex Boye Is Doing an Anti-Suicide Concert. The Former Member of the Mormon Tabernacle Choir Performed in an Anti-Gay Marriage Event. Does He Have Regrets?,3134
Datalake File Ingestion: From FTP to AWS S3,3135
"Only 49% of Americans Plan to Get Vaccinated Against COVID-19. Yes, You Should Be That Shocked",3136
The Importance of Blank Space on Your Calendar,3137
A Goodbye to Golden Muzzles: Internal Dissent and the Cautionary Tale of Facebook,3138
Essential OpenCV Functions to Get You Started into Computer Vision,3139
Is All Writing Valuable Writing?,3140
How Writing 1000 Words a Day Changed my Life,3141
"Anorexia Has A Bacterial Origin, Researchers Say",3142
Here Is A Creative Exercise in Futuristic Storytelling and Worldbuilding,3143
"Tell Your Mood to F*ck Off, Push Your Mind Harder, and Create",3144
It’s Now or Never for a Green New Deal,3145
Founders’ silent struggle — Overcoming setbacks (Part 6),3146
Lockdown and Chronic Depression are a Double Jeopardy,3147
"Federated Querying across Relational, Non-relational, Object, and Custom Data Sources using Amazon Athena",3148
“Holy”: Jamila Woods’s HEAVN Finds Spiritual Freedom in Solitude,3149
How Google and Its Geeks Nudge Each Other to Sustainability,3150
J.K. Rowling’s Advice For Writers With Big Dreams,3151
F. Scott Fitzgerald on How to Write Masterful Dialogue,3152
How we helped streamline a mobile solutions company’s processes in a business-friendly way,3153
How are Big Tech Companies Dominating the Markets in the Global Arena?,3154
‘Am I Just Lazy?’,3155
"Walk, Scrub, Shower!",3156
Write for Towards Data Science,3157
People Are Still Vacationing in the Middle of a Pandemic,3158
Google Objectron — A giant leap for the 3D object detection,3159
"No, You Don’t Need to Write Everyday",3160
AI Unfolds the Science Behind a 50-Year-Old Protein-Folding Problem,3161
Discover the Forgotten Treasures in Your Creative Cellar,3162
It’s all about loneliness,3163
"The Neuroscientist, A Field Guide",3164
"11 Reasons Creativity + Productivity Is About Mind Management, Not Time Management",3165
Are Headline Analyzer Tools Really Helpful for Writers — A Case Study,3166
How to Write a Dynamite Pitch For Your Guest Post,3167
"Amazon, Google and Apple recently Enabled Their Products To “Listen” for These 3 Reasons",3168
5 ways to hack your workspace,3169
You Should Be Writing,3170
Increase Your Reach by Differentiating Your Images from the Crowd,3171
5 Important Reasons Why You Still Need a Personal Website,3172
How to Make a Sticky Connection With Your Biggest Fans,3173
The Innovation Submission and Design Guide,3174
What Cycling Across Canada Taught Me About Starting a Writing Business,3175
Optimizing Kafka for the cloud,3176
Being Well Pub Launches Medika to Expand Our Writers’ Reach,3177
"You Know What to Do With Your Life, You’re Just Not Doing It.",3178
The Path to Becoming a Doctor Requires Stamina,3179
How to Silence the Haters in Your Head as You Write,3180
5 Techniques I Use to Manage Stress as a Software Engineer,3181
Writing Can Bring You Back From the Dead,3182
The Four Types of Writing,3183
5 Simple yet Effective Tips for Creating High-Quality Content for Your Content Marketing Strategy,3184
Who Rules the Cloud Service: AWS or Azure?,3185
Why Word Placement Is Important in Headlines,3186
8 Questions You Can Ask Yourself to Write Better Articles,3187
The Future is Now,3188
The Secret Sauce Behind Your Productivity Playlist,3189
Routine Matters More Than Ritual,3190
Data Science for Startups: R -> Python,3191
The Manchurian Plague,3192
Against Outsourcing the Mind to a Soul,3193
How to Customize QuickSight Dashboards for User Specific Data,3194
The Man Who Cut Off His Own Hand to Avoid Certain Death,3195
Use Rebellion to Combat FOMO,3196
Conversations With Alexa,3197
Weight Loss ‘Before-and-After’ Images Are Not Inspiring — They’re Dangerous,3198
3 Ways Over-Editing is Killing Your Writing,3199
The haptic kiss,3200
"10 Common Recurring Dreams, Analysed By An Psychotherapist",3201
"Medicortex, improving the diagnostics of Traumatic Brain Injuries",3202
Influence of Literature: Books Still Change the World,3203
9 Powerful Headline Hacks for Dedicated Professionals,3204
Scalable Microservice Architecture Using RabbitMQ RPC,3205
"If You Can Give Up These 8 Things, You Can Become a Better Writer",3206
For the Mornings You Just Need a Break,3207
How to Get Jupyter in the Cloud,3208
Mariah Carey Reclaims Her Legacy,3209
The answer is blowing in the wind: Harnessing real-time data to predict storm damage,3210
Working Together to Build a Big Data Future,3211
Why Do Men Fare Worse With Covid-19?,3212
"Artificial intelligence and the bleak, darkness that could befall us",3213
Identifying Outliers,3214
Bringing Colab to a Jupyter Notebook near you…,3215
"Subject, Consumer, or Citizen: Three Post-Covid Futures",3216
The 5 Best Ways to Write More Articles,3217
Tell Me A Love Story As If I’ve Never Known Another,3218
Why It’s Important To Write About Your Unoriginal Ideas,3219
Foxing’s ‘Nearer My God’ is the Best Song of 2018,3220
What Are The Benefits Of Cloud Data Warehousing?,3221
My Nervous System Needs To Talk,3222
The Mosquito: A Human History of Our Deadliest Predator — Timothy Winegard,3223
"Immigrant, Harvard Dad, NYC Cab Driver: A Son’s Tribute to a Father Lost to Covid-19",3224
"Creativity Lies Behind Leisure, Not Working",3225
Thought Plagiarism and How It Threatens Creative Platforms,3226
How I Deal With Negative Thoughts When I Have to Code,3227
How to Scale Python on Every Major Cloud Provider,3228
The Secret Behind Successful Performers — The Talent Code by Daniel Coyle,3229
How To Create a Dynamic AWS ECS Cluster With Terraform,3230
A.I. Needs New Clichés,3231
There is Plastic in Your Fruits & Vegetables,3232
Traditional Media is Dead. Long Live Traditional Media.,3233
Empower a Lightweight Python Data Structure: From Tuples to Namedtuples,3234
How to Age Effectively — Tips for Longevity,3235
Make Extra Money as a Programmer in 2021,3236
The second mover advantage,3237
Simplifying Covid-19 Into One Mechanism: The Epithelial-endothelial Crosstalk,3238
Streaming Data from the Universe with Apache Kafka,3239
“The More You Learn the More Questions You Have” — Pouria Kay,3240
How to Paint Vivid Pictures with Your Words,3241
"How Pets Can Make You a Better Programmer — Yes, Your Pet Can Do That",3242
How AI can add value and viability to your business application ?,3243
How can atmospheric pollution result to excessive harm in the marine ecosystems?,3244
10 Easy Fixes for Common Headline Mistakes,3245
"Understanding Transgender, for Cis Folks",3246
"Sorry, More Bad News. Your Writing is Being Ripped Off As I Type This.",3247
Selling Your New Sales Deck to Sales,3248
I Hope This Pandemic Has Taught Us That Products Can’t Replace People,3249
Advancing Design Without Emulation,3250
Firebase 101: Authentication,3251
"Find Success In Your Business, Just Like Malcolm Gladwell",3252
How to come up with a name for your new business,3253
Time and the Artificial Ego,3254
An Open Letter to Anyone Struggling to Get Healthier,3255
Fibery.io Chronicles #22. Accumulating $1M+ seed round in May 2020.,3256
The First Time Entrepreneur Myth,3257
“I must work or else I fail”,3258
Confessions of an Airflow User,3259
Time Management is Killing Creativity,3260
"Aspirin May Treat Severe Covid-19 Disease, and That Tells Us Something Important",3261
7 Ways Art Dissolves Writer’s Block,3262
3 ways of using storytelling in design,3263
23 Traits of Successful Entrepreneurs,3264
Writing in the Stolen Moments,3265
"Tech Diaries: Apple’s Reinvention, Starlink launch & Microsoft’s Pivot towards Blockchain",3266
Letting Go of Diagnoses Improved My Mental Health,3267
Steady as a Rock,3268
What Story Can You Tell That Only You Could?,3269
Make A Plan for When You Want to Give Up Writing,3270
Know What Your Audience Wants With Quality Market Research,3271
Coping With Cabin Fever,3272
Image Segmentation with Python,3273
Why Do I Feel Guilty When My Mental Health is Good?,3274
10 Steps to Win with Blogging in 2021,3275
An Introduction to t-SNE with Python Example,3276
Researchers created an invisibility cloak from this ‘artificial skin’,3277
Hustle,3278
You Don’t Need Others to Feel Creative,3279
How Covid-19 May Affect the Brain’s Dopamine and Serotonin Levels,3280
"Coronavirus May Be a Vascular Disease, Which Explains Everything",3281
We need a reset on how we think about the future — even with Biden and Harris in the White House,3282
The Last Guide to Social Media You Will Ever Need — in a 3-Minute Read,3283
Write Because You Must,3284
17 Quotes That (If Applied) Can Change Your Life Forever,3285
27 Free Resources for Developers and Designers,3286
"Supreme, Wegmans and the benefits of resisting greed for your own good",3287
Bikes of New York,3288
What’s In a Name?,3289
The Core Lesson of the COVID-19 Heart Debate,3290
Why You Need to Write More Than One Headline,3291
Adding Timed Comments and Waveforms to Spotify,3292
Hydroxychloroquine Probably Doesn’t Work For COVID-19,3293
How Creative Incubation Helps Your Brain Solve Challenging Problems,3294
Could Cloud Computing Be the Missing Piece of the Puzzle That Your Business Needs?,3295
It’s Time for a ‘Device Divorce’,3296
Can I Write One Good Sentence?,3297
Decapitating Consciousness,3298
Thinking About Software Sustainably,3299
John Frusciante Rejoins Red Hot Chili Peppers: What About The Other Guy?,3300
How Weighted Blankets Can Help Improve Your Mental Health,3301
How To Pass the AWS Certified Solutions Architect— Associate Exam,3302
Tools Of The Best: Software Development Edition,3303
The Unending River of Hate,3304
Podcast Episode 104: Loss Aversion,3305
The impact of COVID-19 — data visualization using Plotly and comparative analysis with SARS,3306
A.I. “Doomsday” Might Look Different Than We Think,3307
Join the Better Marketing Community on Slack!,3308
1 Popular Writing Tip I Completely Ignore Every Time,3309
I Work in a Nursing Home on Lockdown. There Is So Much Loneliness Here.,3310
AI and the bright future ahead,3311
How to Maintain Motivation Through Rejection,3312
3 Tricks You Can Use to Up Your Editing Game,3313
3 Taboos You Must Integrate in Order to Sell Yourself Effectively,3314
"100 of the Best Engineers, Developers, Coders, and Entrepreneurs to Follow Online",3315
About Devansh Mittal,3316
Permissionless Professors #6: Tiago Forte,3317
Sleep-Deprived and Inactive People May Fare Badly Against Covid-19 (and Other Infections),3318
Draw a unique barplot using Matplotlib in Python,3319
"How I Make Over $7,500 a Month Online with 2 Income Streams When I Started with Nothing",3320
Who is Nightingale for?,3321
Remember to Write Books that Entertain the Reader,3322
"Google, HuffPo, Greenpeace & the liberal progressive ‘Resistance’ are lying to you",3323
Does Your Pain Stem from Trapped Emotion?,3324
About STORIUS,3325
Want To Write Like Aaron Sorkin? Start By Being Bored,3326
Debunking the Viral Talking Dog of Tik Tok,3327
How Writing to the Dead Saved My Life,3328
Why Trustworthiness Matters in Building Global Futures,3329
Adaptation as Innovation: Making Content Meaningful,3330
How Much Should You ‘Expose’ Yourself During This Pandemic,3331
Is 2019 the year of the inventor?,3332
How To Stop Taking Your Phone to the Bedroom,3333
The Best Asset Your Startup Can Invest In Right Now,3334
We are Writing up a new age of Enlightenment Online,3335
Substack vs Medium,3336
Creating Data Lake & Discovering Your Data Using AWS Lake Formation Capabilities,3337
The Down and Dirty on Disposable Diapers,3338
How successful have we been with vaccine development for various pandemics?,3339
"Big data, AI, and Space exploration",3340
10 Books for the Science Lover on Your List,3341
A 1976 Billy Joel “Science Fiction Song’’ Suddenly Describes Today,3342
Natural Progression of Development: We Can Only Apply Advice When It’s Time,3343
Writing a Full-Length Book When You Have a Full-Time Life,3344
How to Organize Your Article Writing,3345
What I Learned Writing My First 22 Articles on Medium,3346
How Can People Be Incentivised to Solve the Climate Crisis?,3347
Why Your First Thoughts Make the Best Headlines,3348
When I Realized Writing is More Than a Passion,3349
Building a dynamic and responsive Pinterest,3350
How Startups Get Out Of Survival Mode and Into Growth Mode,3351
Why You Should Read “The Future of Humanity” by Michio Kaku,3352
Intel’s most powerful “neuromorphic” chips use the human brain as a model,3353
"How Much Does It Cost To Create A Diet and Nutrition App (Features, Business Model, Cost etc)",3354
How To Write A Clickable Headline,3355
The Neuroscience of Slowing Down to Accomplish More,3356
Not Taking Marketing Seriously Taught Me a Bitter Lesson in my Entrepreneur Journey,3357
What’s Going on with the Flu?,3358
Who Hears the Salmon When They Cry?,3359
The Reserve Bucket,3360
Simplifying Dependency Injection and IoC Concepts using TypeScript,3361
Android and the Importance of App Store Optimization,3362
I Is an Other: The Secret Life of Metaphor and How It Shapes the Way We See the World,3363
How to Be Edited Without Losing Your Mind,3364
Facebook AI Research Found Intersections In Popular QA Datasets,3365
Writing to Stay Alive,3366
Are Video Games Bad For You?,3367
"Downgrading Tech, Upgrading Humanity",3368
The 5 Attitudes That Differentiate Highly Creative People,3369
3 Keys To Dominate Your Growing To-Do List,3370
"Stop Controlling, Start Creating",3371
Seeing Sounds: What It’s Like to Live With Synesthesia,3372
Create Your Playbook: A Solution for All Life Has to Throw at You,3373
Noonish In The Garden Of Wit And Charm,3374
The Creativity Secrets of Jeff Tweedy,3375
Hungry for More — Eating to Fill the Void Inside,3376
Permissionless Professors #9: David Perell,3377
How Memory and Learning Can Improve Quality of Life,3378
Substack Formatting,3379
How to Initiate Innovative Business Collaboration,3380
5 Top Tips for Creating Business Card Designs,3381
I Tried Using A.I. To Replicate My Creative Process. It Got Weird.,3382
"Top 15 online courses to learn Docker, Kubernetes, and AWS in 2021",3383
The 5 Tips to Tell Better Stories with Data,3384
How to Teach about Drinkable Rivers and Healthy Economies,3385
Research-Backed Ways to Enhance Your Pain Tolerance,3386
Jack Kerouac’s Advice For Writers,3387
Discomfort Shows Us The Way,3388
AI & Neural Network for Pediatric Cataract,3389
I’m Not an Introvert — I Have Social Anxiety,3390
What You Should Focus on For Long-Term Success on Medium,3391
Warning! Unsupervised Neuroscience Ahead,3392
Technology Hits,3393
Stop Trying to Nail Down Your Best Publishing Days,3394
7 Inspiring Questions For A Personal Year-End Review,3395
The Rise of the AI,3396
The Power of Habit,3397
The Science-Backed Ways Music Affects Your Brain and Productivity,3398
How to Be Happier,3399
Unchecked AI Can Mirror Human Behavior,3400
Mapping the Jungle That Is the Human Brain Onto a Computer,3401
A Simple Insight to Help Worriers Rein in Anxious Thoughts,3402
‘Let it Go’ is Good Advice… Unless We’re Talking Creativity,3403
How To Figure Out What Genre To Write In,3404
How The COVID-19 Pandemic Sets The Stage For Corrupted Citizen Control,3405
"I Survived Toxic Startup, Here’s the Antidote",3406
7 Things I Gave up to Pursue My Entrepreneurial Endeavors,3407
The Winning Ad — Lessons In Book Promotion,3408
Design principle: Aesthetics,3409
Re: “Google’s Sundar Pichai: Privacy Should Not be a Luxury Good”,3410
How to build the perfect Deep Learning Computer and save thousands of dollars,3411
Journal Your Way Through Anxiety To Have A Better Relationship With Your Emotions,3412
What Being Broke Taught Me About Launching a Successful Business,3413
Is Eco-anxiety the Future of Our Mental Health?,3414
The battle for replacing coal with renewable energy in Kosovo,3415
Want to Be a Writing Prodigy?,3416
My Favourite Productivity Advice Ever,3417
Body Burdens,3418
Don’t Let Grammarly Ruin Your Copy,3419
A Virologist’s Case For The COVID-19 Vaccine,3420
John Steinbeck on How to Confront Your Writing Fears,3421
If Programming Languages Had Honest Slogans,3422
What to Know About Serious Adverse Effects and Deaths in the Moderna Vaccine Data,3423
An Introduction to 5 Types of Image Annotation,3424
TensorFlow or PyTorch? A Guide to Python Machine Learning Libraries (with examples!),3425
5 Hats You Need to Wear to Crush Your Entrepreneurial Goals,3426
What's Happening When Your Sleepy Body Starts to Jerk,3427
What is Content Marketing?,3428
How To Be Productive and Effective During Social Distancing,3429
How to Find Your Mutual Connections on Medium,3430
4 Quotes by Carlos Ruiz Zafon to Make You a Better Writer,3431
Adding User-Interactivity to AWS QuickSight Dashboards,3432
The Writing Part of the Blog-Your-Own-Book Project Starts Tomorrow,3433
These Stacked Habits Helped Me Build a Six-Figure Writing Business,3434
Use The 5/5/5 Rule To Unlock Your Focus And Build Up Discipline,3435
Logic and Sequence in Artificial Intelligence,3436
3 Simple Daily Creative Exercises Every Photographer Should do,3437
A User Experience Guide to Clubhouse,3438
Psychologists Explain How To Stop Overthinking Everything,3439
How To Be A Working Writer in 2020,3440
"A day in the life of a product designer at Block One, Mars",3441
Lessons From a Former Push-Over,3442
7 Books I Read More Than Once,3443
Posthumanity and the Future of Brain-Computer Interface Startups,3444
Why This Matters,3445
The 7 Most Common Analysis Mistakes New Marketers Make,3446
Can Kids Transmit the Coronavirus?,3447
AWS — Deploying Vue App With NodeJS Backend On EKS,3448
Become a Better Writer: Blog Every Day… on Paper,3449
Does Imposter Syndrome Keep Writers Honest?,3450
Should we fear AI?,3451
Plotting Could Kill Your First Book,3452
"Every Covid-19 Vaccine Question You’ll Ever Have, Answered",3453
Set Up Your Real Time Chat App On Amazon EC2 With Docker and FeathersJS,3454
7 Things Highly Productive People Don’t Do,3455
When Should You Quit?,3456
The Cold Mountain Effect Explains Why Incredibly Talented People Struggle to Achieve Their Goals,3457
Writer’s Bling Block: How Your First Recognition Can Kill Your Writing,3458
The 3 Most Important Things I Know About Consumers I Learned From Bartending,3459
"Light on Serotonin, Heavy on Creativity",3460
Questions I Get as a Self-Published Writer,3461
5 Strategies To Accomplish Consistent Publishing During The Pandemic,3462
Introduction,3463
AI Essentials: Working with Matrices,3464
Making AI Better by Making it Slower,3465
"A Call for Great Stories: We’re Reimagining The Startup, Medium’s Largest Publication with +680K Followers",3466
A Simple Framework for Capturing and Organizing Your Blog Post Ideas,3467
How to Get Your Article Distributed by the Medium Curators,3468
Almost Every Man I Know Is Falling Apart Because of Social Distancing,3469
Writing Challenges & Prompts,3470
Chrissy Teigen Lost Her Baby After Folks Trashed Her “TMI” Tweet,3471
Video: Big Data on Kubernetes - Make It Flow (Hebrew),3472
Duck Typing in Python — 3 Practical Examples,3473
Tutorial: Exploratory Data Analysis (EDA) with Categorical Variables,3474
Habit Becomes a Challenge When It’s Time Bound,3475
Are You Ready to Write Your Book in the Next Month?,3476
How to Actually Get Your Lead Magnet to Your Reader,3477
"Long-Covid Risk Factors, Symptoms, and Treatments: New Insights",3478
"The how, when, and what of AI",3479
How I Created a Self-Published Planner in 72 Hours,3480
Grokstyle wins LDV Vision Summit 2016 Entrepreneurial Computer Vision Challenge,3481
Microservices vs. Web Services Part 2,3482
"Write, I Must — And So Must You!",3483
Entrepreneurship Is Stressful. Here’s How to Deal With It.,3484
Considering Writing a Book? Answer These 6 Questions First,3485
Your Unabridged Guide to Making a Passive Income on Medium,3486
Is the “Greatest Sales Deck” Great for Savvy Prospects?,3487
Faster way to use faster RCNN : using detectron2,3488
How to Get More out of Your Conversations,3489
One Psychological Superpower I Wish I Had,3490
The Rest Will Take Care of Itself,3491
5 Tips to Talk Persuasively About Climate Disruption,3492
This Quiz Will Tell You Exactly What Type of Writer You Are,3493
"dataxu’s journey from an Enterprise MPP database to a cloud-native data warehouse, Part 1",3494
Welcome to the Creators Hub,3495
"Insert Yourself Into Any Picture With C#, Dlib, and OpenCV",3496
Recovery is a Commitment to Awareness,3497
Treating Her Bad,3498
Apple and Google Join Forces to Track the Spread of Coronavirus,3499
3 signs of burnout and how to overcome them,3500
More Of The Violin Taste,3501
Clarifying the True Fatality Rate of Covid-19: Same as the Flu?,3502
"Two More Ways Covid Has Stolen Our Health and Happiness, and How We Can Fight Back",3503
How to Impact Consumer Behaviour with a Help of Color?,3504
Why a 4-Minute Read is the Sweet Spot on Medium,3505
How Startups Outsource Their Tech Without Going Broke or Getting Screwed,3506
Welcome New Writers,3507
"Long-Covid Risk Factors, Symptoms, and Treatments: New Insights",3508
Custom Maps on react-native-maps And react-google-maps,3509
"It’s Like a Leaf, But Better",3510
Data Science Reading List for May 2020,3511
Image Augmentation with Python,3512
How AI Could Have Prevented the “Great Google Outage”,3513
Tips for Startups From Peter Thiel,3514
Essential Roles and Responsibilities of Successful Business Leaders,3515
"Robots, AI and augmented stupidity: Interview with Andra Keay",3516
Tomorrow Is Not for Sale,3517
Recovered Covid-19 Cases Still Show Brain Anomalies 3 Months Later,3518
When Nostalgia Backfires,3519
3 Simple ways to time Python code. Benchmark your Python code and figure…,3520
Mapping Coronavirus with Python,3521
A Huge List of Free Photos and Illustrations for Developers in 2021,3522
Why Did I Quit Vue for React?,3523
INDUSTRIAL BUILDING DESIGN,3524
Why I Write By Hand,3525
32 Headline Tips Every Good Writer Needs to Know,3526
Most Viruses Are Friendly and Beneficial to Us,3527
Our Brains Struggle to Process This Much Stress,3528
Chore-Focused Wellness Practices Arrived Just in Time,3529
Now Is the Time to Discuss Order Fulfilment,3530
AI for Software Engineering — Industry Landscape (18/Oct/2017),3531
How I Trained My Mind to Cope with a Panic Attack,3532
"If LeBron James Needs Rest and Recovery, You Probably Do Too",3533
Simon Sinek Says We Got Global Warming Wrong,3534
Three Lessons I Learned Writing a Children’s Book,3535
Habitat & Biodiversity,3536
"Reality, Augmented? How to Drive Adoption of What’s Next",3537
Best Machine Learning Books — Free and Paid — Editorial Recommendations,3538
You’re Not Lazy — Self-Isolation is Utterly Exhausting,3539
This Is What It’s Like to Eat Your Last Meal and Think About Never Waking Up Again,3540
"Facebook Is Circling the Wagons, Not the Drain",3541
3 Steps to Run Better and More Effective Meetings,3542
5 Quotes by Rick Riordan to Make You a Better Writer,3543
An Experiment in Creating a Writing Income Stream on Amazon,3544
The Pre-Writing Work That Will Make Blogging So Much Easier,3545
It’s Not ‘Writer’s Block’ — It’s Emptiness.,3546
"When You Say “Hey Buddy, I Made It”, Make Sure Your Shadow Is There To Cheer With You",3547
Your Genes May Determine Your Covid-19 Risk,3548
Is It Worth to Invest In Mobile E-commerce Application: Benefits and Challenges,3549
Let go of these things for a happier 2021,3550
Not Everyone Will like Your Writing,3551
Is Technology Neutral?,3552
Unveiling The Secrets of Navratri,3553
